,index,Class
0,17354,0
1,17355,0
2,17356,0
3,17357,0
4,17358,0
5,17359,0
6,17360,0
7,17361,0
8,17362,0
9,17363,0
10,17364,0
11,17365,0
12,17366,0
13,17367,0
14,17368,0
15,17369,0
16,17370,0
17,17371,0
18,17372,0
19,17373,0
20,17374,0
21,17375,0
22,17376,0
23,17377,0
24,17378,0
25,17379,0
26,17380,0
27,17381,0
28,17382,0
29,17383,0
30,17384,0
31,17385,0
32,17386,0
33,17387,0
34,17388,0
35,17389,0
36,17390,0
37,17391,0
38,17392,0
39,17393,0
40,17394,0
41,17395,0
42,17396,0
43,17397,0
44,17398,0
45,17399,0
46,17400,0
47,17401,0
48,17402,0
49,17403,0
50,17404,0
51,17405,0
52,17406,0
53,17407,0
54,17408,0
55,17409,0
56,17410,0
57,17411,0
58,17412,0
59,17413,0
60,17414,0
61,17415,0
62,17416,0
63,17417,0
64,17418,0
65,17419,0
66,17420,0
67,17421,0
68,17422,0
69,17423,0
70,17424,0
71,17425,0
72,17426,0
73,17427,0
74,17428,0
75,17429,0
76,17430,0
77,17431,0
78,17432,0
79,17433,0
80,17434,0
81,17435,0
82,17436,0
83,17437,0
84,17438,0
85,17439,1
86,17440,0
87,17441,0
88,17442,0
89,17443,0
90,17444,0
91,17445,0
92,17446,0
93,17447,0
94,17448,0
95,17449,0
96,17450,0
97,17451,0
98,17452,0
99,17453,0
100,17454,0
101,17455,0
102,17456,0
103,17457,0
104,17458,0
105,17459,0
106,17460,0
107,17461,0
108,17462,0
109,17463,0
110,17464,0
111,17465,0
112,17466,0
113,17467,0
114,17468,0
115,17469,0
116,17470,0
117,17471,0
118,17472,0
119,17473,0
120,17474,0
121,17475,0
122,17476,0
123,17477,0
124,17478,0
125,17479,0
126,17480,0
127,17481,0
128,17482,0
129,17483,0
130,17484,0
131,17485,0
132,17486,0
133,17487,0
134,17488,0
135,17489,0
136,17490,0
137,17491,0
138,17492,0
139,17493,0
140,17494,0
141,17495,0
142,17496,0
143,17497,0
144,17498,0
145,17499,0
146,17500,0
147,17501,0
148,17502,0
149,17503,0
150,17504,0
151,17505,0
152,17506,0
153,17507,0
154,17508,0
155,17509,0
156,17510,0
157,17511,0
158,17512,0
159,17513,0
160,17514,0
161,17515,0
162,17516,0
163,17517,0
164,17518,0
165,17519,0
166,17520,0
167,17521,0
168,17522,0
169,17523,0
170,17524,0
171,17525,0
172,17526,0
173,17527,0
174,17528,0
175,17529,0
176,17530,0
177,17531,0
178,17532,0
179,17533,0
180,17534,0
181,17535,0
182,17536,0
183,17537,0
184,17538,0
185,17539,0
186,17540,0
187,17541,0
188,17542,0
189,17543,0
190,17544,0
191,17545,0
192,17546,0
193,17547,1
194,17548,0
195,17549,0
196,17550,0
197,17551,0
198,17552,0
199,17553,0
200,17554,0
201,17555,0
202,17556,0
203,17557,0
204,17558,0
205,17559,0
206,17560,0
207,17561,0
208,17562,0
209,17563,0
210,17564,0
211,17565,0
212,17566,0
213,17567,0
214,17568,0
215,17569,0
216,17570,0
217,17571,0
218,17572,0
219,17573,0
220,17574,0
221,17575,0
222,17576,0
223,17577,0
224,17578,0
225,17579,0
226,17580,0
227,17581,0
228,17582,0
229,17583,0
230,17584,0
231,17585,0
232,17586,0
233,17587,0
234,17588,0
235,17589,0
236,17590,0
237,17591,0
238,17592,0
239,17593,0
240,17594,0
241,17595,0
242,17596,0
243,17597,0
244,17598,0
245,17599,0
246,17600,0
247,17601,0
248,17602,0
249,17603,0
250,17604,0
251,17605,0
252,17606,0
253,17607,0
254,17608,0
255,17609,0
256,17610,0
257,17611,0
258,17612,0
259,17613,0
260,17614,0
261,17615,0
262,17616,0
263,17617,0
264,17618,0
265,17619,0
266,17620,0
267,17621,0
268,17622,0
269,17623,0
270,17624,1
271,17625,0
272,17626,0
273,17627,0
274,17628,1
275,17629,0
276,17630,0
277,17631,0
278,17632,0
279,17633,0
280,17634,0
281,17635,0
282,17636,0
283,17637,0
284,17638,0
285,17639,0
286,17640,0
287,17641,0
288,17642,0
289,17643,0
290,17644,0
291,17645,0
292,17646,0
293,17647,0
294,17648,0
295,17649,0
296,17650,0
297,17651,0
298,17652,0
299,17653,0
300,17654,0
301,17655,0
302,17656,0
303,17657,0
304,17658,0
305,17659,0
306,17660,0
307,17661,0
308,17662,0
309,17663,0
310,17664,0
311,17665,0
312,17666,0
313,17667,0
314,17668,0
315,17669,0
316,17670,0
317,17671,0
318,17672,0
319,17673,0
320,17674,0
321,17675,0
322,17676,0
323,17677,0
324,17678,0
325,17679,0
326,17680,0
327,17681,0
328,17682,0
329,17683,0
330,17684,0
331,17685,0
332,17686,0
333,17687,0
334,17688,0
335,17689,0
336,17690,0
337,17691,0
338,17692,0
339,17693,0
340,17694,0
341,17695,0
342,17696,0
343,17697,0
344,17698,0
345,17699,0
346,17700,0
347,17701,0
348,17702,0
349,17703,0
350,17704,0
351,17705,0
352,17706,0
353,17707,0
354,17708,0
355,17709,0
356,17710,0
357,17711,0
358,17712,0
359,17713,0
360,17714,0
361,17715,0
362,17716,0
363,17717,0
364,17718,0
365,17719,0
366,17720,0
367,17721,0
368,17722,0
369,17723,0
370,17724,0
371,17725,0
372,17726,0
373,17727,0
374,17728,0
375,17729,0
376,17730,0
377,17731,0
378,17732,0
379,17733,0
380,17734,0
381,17735,0
382,17736,0
383,17737,0
384,17738,0
385,17739,0
386,17740,0
387,17741,0
388,17742,0
389,17743,0
390,17744,0
391,17745,0
392,17746,0
393,17747,0
394,17748,0
395,17749,0
396,17750,0
397,17751,0
398,17752,0
399,17753,0
400,17754,0
401,17755,0
402,17756,0
403,17757,0
404,17758,0
405,17759,0
406,17760,0
407,17761,0
408,17762,0
409,17763,0
410,17764,0
411,17765,0
412,17766,0
413,17767,0
414,17768,0
415,17769,0
416,17770,0
417,17771,0
418,17772,0
419,17773,0
420,17774,0
421,17775,0
422,17776,0
423,17777,0
424,17778,0
425,17779,0
426,17780,0
427,17781,0
428,17782,0
429,17783,0
430,17784,0
431,17785,0
432,17786,0
433,17787,0
434,17788,0
435,17789,0
436,17790,0
437,17791,0
438,17792,0
439,17793,0
440,17794,0
441,17795,0
442,17796,0
443,17797,0
444,17798,0
445,17799,0
446,17800,0
447,17801,0
448,17802,0
449,17803,0
450,17804,0
451,17805,0
452,17806,0
453,17807,0
454,17808,0
455,17809,0
456,17810,0
457,17811,0
458,17812,0
459,17813,0
460,17814,0
461,17815,0
462,17816,0
463,17817,0
464,17818,0
465,17819,0
466,17820,0
467,17821,0
468,17822,0
469,17823,0
470,17824,0
471,17825,0
472,17826,0
473,17827,0
474,17828,0
475,17829,0
476,17830,0
477,17831,0
478,17832,0
479,17833,0
480,17834,0
481,17835,0
482,17836,0
483,17837,0
484,17838,0
485,17839,0
486,17840,0
487,17841,0
488,17842,0
489,17843,0
490,17844,0
491,17845,0
492,17846,0
493,17847,0
494,17848,0
495,17849,0
496,17850,0
497,17851,0
498,17852,0
499,17853,0
500,17854,0
501,17855,0
502,17856,0
503,17857,0
504,17858,0
505,17859,0
506,17860,0
507,17861,0
508,17862,0
509,17863,0
510,17864,0
511,17865,0
512,17866,0
513,17867,0
514,17868,0
515,17869,0
516,17870,0
517,17871,0
518,17872,0
519,17873,0
520,17874,0
521,17875,0
522,17876,0
523,17877,0
524,17878,0
525,17879,0
526,17880,0
527,17881,0
528,17882,0
529,17883,0
530,17884,0
531,17885,0
532,17886,0
533,17887,0
534,17888,0
535,17889,0
536,17890,0
537,17891,0
538,17892,0
539,17893,0
540,17894,0
541,17895,0
542,17896,0
543,17897,0
544,17898,0
545,17899,0
546,17900,0
547,17901,0
548,17902,0
549,17903,0
550,17904,0
551,17905,1
552,17906,0
553,17907,0
554,17908,0
555,17909,0
556,17910,0
557,17911,0
558,17912,0
559,17913,0
560,17914,0
561,17915,0
562,17916,0
563,17917,0
564,17918,0
565,17919,0
566,17920,0
567,17921,0
568,17922,0
569,17923,0
570,17924,0
571,17925,0
572,17926,0
573,17927,0
574,17928,0
575,17929,0
576,17930,0
577,17931,0
578,17932,0
579,17933,0
580,17934,0
581,17935,0
582,17936,0
583,17937,0
584,17938,1
585,17939,0
586,17940,0
587,17941,0
588,17942,0
589,17943,0
590,17944,0
591,17945,0
592,17946,0
593,17947,0
594,17948,0
595,17949,0
596,17950,0
597,17951,0
598,17952,0
599,17953,0
600,17954,0
601,17955,0
602,17956,0
603,17957,0
604,17958,0
605,17959,0
606,17960,0
607,17961,0
608,17962,0
609,17963,0
610,17964,0
611,17965,0
612,17966,0
613,17967,0
614,17968,0
615,17969,0
616,17970,0
617,17971,0
618,17972,0
619,17973,0
620,17974,0
621,17975,0
622,17976,0
623,17977,0
624,17978,0
625,17979,0
626,17980,0
627,17981,0
628,17982,0
629,17983,0
630,17984,0
631,17985,0
632,17986,0
633,17987,0
634,17988,0
635,17989,0
636,17990,0
637,17991,0
638,17992,0
639,17993,0
640,17994,0
641,17995,0
642,17996,0
643,17997,0
644,17998,0
645,17999,0
646,18000,0
647,18001,0
648,18002,0
649,18003,0
650,18004,0
651,18005,0
652,18006,0
653,18007,0
654,18008,0
655,18009,0
656,18010,0
657,18011,0
658,18012,0
659,18013,0
660,18014,0
661,18015,0
662,18016,0
663,18017,0
664,18018,0
665,18019,0
666,18020,0
667,18021,0
668,18022,0
669,18023,0
670,18024,0
671,18025,0
672,18026,0
673,18027,0
674,18028,0
675,18029,0
676,18030,0
677,18031,0
678,18032,0
679,18033,0
680,18034,0
681,18035,0
682,18036,0
683,18037,0
684,18038,0
685,18039,0
686,18040,0
687,18041,0
688,18042,0
689,18043,0
690,18044,0
691,18045,0
692,18046,0
693,18047,0
694,18048,0
695,18049,0
696,18050,0
697,18051,0
698,18052,0
699,18053,0
700,18054,0
701,18055,0
702,18056,0
703,18057,0
704,18058,0
705,18059,0
706,18060,0
707,18061,0
708,18062,0
709,18063,0
710,18064,0
711,18065,0
712,18066,0
713,18067,0
714,18068,0
715,18069,0
716,18070,0
717,18071,0
718,18072,0
719,18073,0
720,18074,0
721,18075,0
722,18076,0
723,18077,0
724,18078,0
725,18079,0
726,18080,0
727,18081,0
728,18082,0
729,18083,0
730,18084,0
731,18085,0
732,18086,0
733,18087,0
734,18088,0
735,18089,0
736,18090,0
737,18091,0
738,18092,0
739,18093,0
740,18094,0
741,18095,0
742,18096,0
743,18097,0
744,18098,0
745,18099,0
746,18100,0
747,18101,0
748,18102,0
749,18103,0
750,18104,0
751,18105,0
752,18106,0
753,18107,0
754,18108,0
755,18109,0
756,18110,0
757,18111,0
758,18112,0
759,18113,0
760,18114,0
761,18115,0
762,18116,0
763,18117,0
764,18118,0
765,18119,0
766,18120,0
767,18121,0
768,18122,0
769,18123,0
770,18124,0
771,18125,0
772,18126,0
773,18127,0
774,18128,0
775,18129,0
776,18130,0
777,18131,0
778,18132,0
779,18133,0
780,18134,0
781,18135,0
782,18136,0
783,18137,0
784,18138,0
785,18139,0
786,18140,0
787,18141,0
788,18142,0
789,18143,0
790,18144,0
791,18145,0
792,18146,0
793,18147,0
794,18148,0
795,18149,0
796,18150,0
797,18151,0
798,18152,0
799,18153,0
800,18154,0
801,18155,0
802,18156,0
803,18157,0
804,18158,0
805,18159,0
806,18160,0
807,18161,0
808,18162,0
809,18163,0
810,18164,0
811,18165,0
812,18166,0
813,18167,0
814,18168,0
815,18169,0
816,18170,0
817,18171,0
818,18172,0
819,18173,0
820,18174,0
821,18175,0
822,18176,0
823,18177,0
824,18178,0
825,18179,0
826,18180,0
827,18181,0
828,18182,0
829,18183,0
830,18184,0
831,18185,0
832,18186,0
833,18187,0
834,18188,0
835,18189,0
836,18190,0
837,18191,0
838,18192,0
839,18193,0
840,18194,0
841,18195,0
842,18196,0
843,18197,0
844,18198,0
845,18199,0
846,18200,0
847,18201,0
848,18202,0
849,18203,0
850,18204,0
851,18205,0
852,18206,0
853,18207,0
854,18208,0
855,18209,0
856,18210,0
857,18211,0
858,18212,0
859,18213,0
860,18214,0
861,18215,0
862,18216,0
863,18217,0
864,18218,0
865,18219,0
866,18220,0
867,18221,0
868,18222,0
869,18223,0
870,18224,0
871,18225,0
872,18226,0
873,18227,0
874,18228,0
875,18229,0
876,18230,0
877,18231,0
878,18232,0
879,18233,0
880,18234,0
881,18235,0
882,18236,0
883,18237,0
884,18238,0
885,18239,0
886,18240,0
887,18241,0
888,18242,0
889,18243,0
890,18244,0
891,18245,0
892,18246,0
893,18247,0
894,18248,0
895,18249,0
896,18250,0
897,18251,0
898,18252,0
899,18253,0
900,18254,0
901,18255,0
902,18256,0
903,18257,0
904,18258,0
905,18259,0
906,18260,0
907,18261,0
908,18262,0
909,18263,0
910,18264,0
911,18265,0
912,18266,0
913,18267,0
914,18268,0
915,18269,0
916,18270,0
917,18271,0
918,18272,0
919,18273,0
920,18274,0
921,18275,0
922,18276,0
923,18277,0
924,18278,0
925,18279,0
926,18280,0
927,18281,0
928,18282,0
929,18283,0
930,18284,0
931,18285,0
932,18286,0
933,18287,0
934,18288,0
935,18289,0
936,18290,0
937,18291,0
938,18292,0
939,18293,0
940,18294,0
941,18295,0
942,18296,0
943,18297,0
944,18298,0
945,18299,0
946,18300,0
947,18301,0
948,18302,0
949,18303,0
950,18304,0
951,18305,0
952,18306,0
953,18307,0
954,18308,0
955,18309,0
956,18310,0
957,18311,0
958,18312,0
959,18313,0
960,18314,0
961,18315,0
962,18316,0
963,18317,0
964,18318,0
965,18319,0
966,18320,0
967,18321,0
968,18322,0
969,18323,0
970,18324,0
971,18325,0
972,18326,0
973,18327,0
974,18328,0
975,18329,0
976,18330,0
977,18331,0
978,18332,0
979,18333,0
980,18334,0
981,18335,0
982,18336,0
983,18337,0
984,18338,0
985,18339,0
986,18340,0
987,18341,0
988,18342,0
989,18343,0
990,18344,0
991,18345,0
992,18346,0
993,18347,0
994,18348,0
995,18349,0
996,18350,0
997,18351,0
998,18352,0
999,18353,0
1000,18354,0
1001,18355,0
1002,18356,0
1003,18357,0
1004,18358,0
1005,18359,0
1006,18360,0
1007,18361,0
1008,18362,0
1009,18363,0
1010,18364,0
1011,18365,0
1012,18366,0
1013,18367,0
1014,18368,0
1015,18369,0
1016,18370,0
1017,18371,0
1018,18372,0
1019,18373,0
1020,18374,0
1021,18375,0
1022,18376,0
1023,18377,0
1024,18378,0
1025,18379,0
1026,18380,0
1027,18381,0
1028,18382,0
1029,18383,0
1030,18384,0
1031,18385,0
1032,18386,0
1033,18387,0
1034,18388,0
1035,18389,0
1036,18390,0
1037,18391,0
1038,18392,0
1039,18393,0
1040,18394,0
1041,18395,0
1042,18396,0
1043,18397,0
1044,18398,0
1045,18399,0
1046,18400,0
1047,18401,0
1048,18402,0
1049,18403,0
1050,18404,0
1051,18405,0
1052,18406,0
1053,18407,0
1054,18408,0
1055,18409,0
1056,18410,0
1057,18411,0
1058,18412,0
1059,18413,0
1060,18414,0
1061,18415,0
1062,18416,0
1063,18417,0
1064,18418,0
1065,18419,0
1066,18420,0
1067,18421,0
1068,18422,0
1069,18423,0
1070,18424,0
1071,18425,0
1072,18426,0
1073,18427,0
1074,18428,0
1075,18429,0
1076,18430,0
1077,18431,0
1078,18432,0
1079,18433,0
1080,18434,0
1081,18435,0
1082,18436,0
1083,18437,0
1084,18438,0
1085,18439,0
1086,18440,0
1087,18441,0
1088,18442,0
1089,18443,0
1090,18444,0
1091,18445,0
1092,18446,0
1093,18447,0
1094,18448,0
1095,18449,0
1096,18450,0
1097,18451,0
1098,18452,0
1099,18453,0
1100,18454,0
1101,18455,0
1102,18456,0
1103,18457,0
1104,18458,0
1105,18459,0
1106,18460,0
1107,18461,0
1108,18462,0
1109,18463,0
1110,18464,0
1111,18465,1
1112,18466,0
1113,18467,0
1114,18468,0
1115,18469,0
1116,18470,0
1117,18471,0
1118,18472,0
1119,18473,0
1120,18474,0
1121,18475,0
1122,18476,0
1123,18477,0
1124,18478,0
1125,18479,0
1126,18480,0
1127,18481,0
1128,18482,0
1129,18483,0
1130,18484,0
1131,18485,0
1132,18486,0
1133,18487,0
1134,18488,0
1135,18489,0
1136,18490,0
1137,18491,0
1138,18492,0
1139,18493,0
1140,18494,0
1141,18495,0
1142,18496,0
1143,18497,0
1144,18498,0
1145,18499,0
1146,18500,0
1147,18501,0
1148,18502,0
1149,18503,0
1150,18504,0
1151,18505,0
1152,18506,0
1153,18507,0
1154,18508,0
1155,18509,0
1156,18510,0
1157,18511,0
1158,18512,0
1159,18513,0
1160,18514,0
1161,18515,0
1162,18516,0
1163,18517,0
1164,18518,0
1165,18519,0
1166,18520,0
1167,18521,0
1168,18522,0
1169,18523,0
1170,18524,0
1171,18525,0
1172,18526,0
1173,18527,0
1174,18528,0
1175,18529,0
1176,18530,0
1177,18531,0
1178,18532,0
1179,18533,0
1180,18534,0
1181,18535,0
1182,18536,0
1183,18537,0
1184,18538,0
1185,18539,0
1186,18540,0
1187,18541,0
1188,18542,0
1189,18543,0
1190,18544,0
1191,18545,0
1192,18546,0
1193,18547,0
1194,18548,0
1195,18549,0
1196,18550,1
1197,18551,0
1198,18552,0
1199,18553,0
1200,18554,0
1201,18555,0
1202,18556,0
1203,18557,0
1204,18558,0
1205,18559,0
1206,18560,0
1207,18561,0
1208,18562,0
1209,18563,0
1210,18564,0
1211,18565,0
1212,18566,0
1213,18567,0
1214,18568,0
1215,18569,0
1216,18570,0
1217,18571,0
1218,18572,0
1219,18573,0
1220,18574,0
1221,18575,0
1222,18576,0
1223,18577,0
1224,18578,0
1225,18579,0
1226,18580,0
1227,18581,0
1228,18582,0
1229,18583,0
1230,18584,0
1231,18585,0
1232,18586,0
1233,18587,0
1234,18588,0
1235,18589,0
1236,18590,1
1237,18591,0
1238,18592,0
1239,18593,0
1240,18594,0
1241,18595,0
1242,18596,0
1243,18597,0
1244,18598,0
1245,18599,0
1246,18600,0
1247,18601,0
1248,18602,0
1249,18603,0
1250,18604,0
1251,18605,0
1252,18606,0
1253,18607,0
1254,18608,0
1255,18609,0
1256,18610,0
1257,18611,0
1258,18612,0
1259,18613,0
1260,18614,0
1261,18615,0
1262,18616,0
1263,18617,0
1264,18618,0
1265,18619,0
1266,18620,0
1267,18621,0
1268,18622,0
1269,18623,0
1270,18624,0
1271,18625,0
1272,18626,0
1273,18627,0
1274,18628,0
1275,18629,0
1276,18630,0
1277,18631,0
1278,18632,0
1279,18633,0
1280,18634,0
1281,18635,0
1282,18636,0
1283,18637,0
1284,18638,0
1285,18639,0
1286,18640,0
1287,18641,0
1288,18642,0
1289,18643,0
1290,18644,0
1291,18645,0
1292,18646,0
1293,18647,0
1294,18648,0
1295,18649,0
1296,18650,0
1297,18651,0
1298,18652,0
1299,18653,0
1300,18654,0
1301,18655,0
1302,18656,0
1303,18657,0
1304,18658,0
1305,18659,0
1306,18660,0
1307,18661,0
1308,18662,0
1309,18663,0
1310,18664,0
1311,18665,0
1312,18666,0
1313,18667,0
1314,18668,0
1315,18669,0
1316,18670,0
1317,18671,0
1318,18672,0
1319,18673,0
1320,18674,0
1321,18675,0
1322,18676,0
1323,18677,0
1324,18678,0
1325,18679,0
1326,18680,0
1327,18681,0
1328,18682,0
1329,18683,0
1330,18684,0
1331,18685,0
1332,18686,0
1333,18687,0
1334,18688,0
1335,18689,0
1336,18690,0
1337,18691,0
1338,18692,0
1339,18693,0
1340,18694,0
1341,18695,0
1342,18696,0
1343,18697,0
1344,18698,0
1345,18699,0
1346,18700,0
1347,18701,0
1348,18702,0
1349,18703,0
1350,18704,0
1351,18705,0
1352,18706,0
1353,18707,0
1354,18708,0
1355,18709,0
1356,18710,0
1357,18711,0
1358,18712,0
1359,18713,0
1360,18714,0
1361,18715,0
1362,18716,0
1363,18717,0
1364,18718,0
1365,18719,0
1366,18720,0
1367,18721,0
1368,18722,0
1369,18723,0
1370,18724,0
1371,18725,0
1372,18726,0
1373,18727,0
1374,18728,0
1375,18729,0
1376,18730,0
1377,18731,0
1378,18732,0
1379,18733,0
1380,18734,0
1381,18735,0
1382,18736,0
1383,18737,0
1384,18738,0
1385,18739,0
1386,18740,0
1387,18741,0
1388,18742,0
1389,18743,0
1390,18744,0
1391,18745,0
1392,18746,0
1393,18747,0
1394,18748,0
1395,18749,0
1396,18750,0
1397,18751,0
1398,18752,0
1399,18753,0
1400,18754,0
1401,18755,0
1402,18756,0
1403,18757,0
1404,18758,0
1405,18759,0
1406,18760,0
1407,18761,0
1408,18762,0
1409,18763,0
1410,18764,0
1411,18765,0
1412,18766,0
1413,18767,0
1414,18768,0
1415,18769,0
1416,18770,0
1417,18771,0
1418,18772,0
1419,18773,0
1420,18774,0
1421,18775,0
1422,18776,0
1423,18777,0
1424,18778,0
1425,18779,0
1426,18780,0
1427,18781,0
1428,18782,0
1429,18783,0
1430,18784,0
1431,18785,0
1432,18786,0
1433,18787,0
1434,18788,0
1435,18789,0
1436,18790,0
1437,18791,0
1438,18792,0
1439,18793,0
1440,18794,0
1441,18795,0
1442,18796,0
1443,18797,0
1444,18798,0
1445,18799,0
1446,18800,0
1447,18801,0
1448,18802,0
1449,18803,0
1450,18804,0
1451,18805,0
1452,18806,0
1453,18807,0
1454,18808,0
1455,18809,0
1456,18810,1
1457,18811,0
1458,18812,0
1459,18813,0
1460,18814,0
1461,18815,0
1462,18816,0
1463,18817,0
1464,18818,0
1465,18819,0
1466,18820,0
1467,18821,0
1468,18822,0
1469,18823,0
1470,18824,0
1471,18825,0
1472,18826,0
1473,18827,0
1474,18828,0
1475,18829,0
1476,18830,0
1477,18831,0
1478,18832,0
1479,18833,0
1480,18834,0
1481,18835,0
1482,18836,0
1483,18837,0
1484,18838,0
1485,18839,0
1486,18840,0
1487,18841,0
1488,18842,0
1489,18843,1
1490,18844,0
1491,18845,0
1492,18846,0
1493,18847,0
1494,18848,0
1495,18849,0
1496,18850,0
1497,18851,0
1498,18852,0
1499,18853,0
1500,18854,1
1501,18855,0
1502,18856,0
1503,18857,0
1504,18858,0
1505,18859,0
1506,18860,0
1507,18861,0
1508,18862,0
1509,18863,0
1510,18864,0
1511,18865,0
1512,18866,0
1513,18867,0
1514,18868,0
1515,18869,0
1516,18870,0
1517,18871,0
1518,18872,0
1519,18873,0
1520,18874,0
1521,18875,0
1522,18876,0
1523,18877,0
1524,18878,0
1525,18879,0
1526,18880,0
1527,18881,0
1528,18882,0
1529,18883,0
1530,18884,0
1531,18885,0
1532,18886,0
1533,18887,0
1534,18888,0
1535,18889,0
1536,18890,0
1537,18891,0
1538,18892,0
1539,18893,0
1540,18894,0
1541,18895,0
1542,18896,0
1543,18897,0
1544,18898,0
1545,18899,0
1546,18900,0
1547,18901,0
1548,18902,0
1549,18903,0
1550,18904,0
1551,18905,0
1552,18906,0
1553,18907,0
1554,18908,0
1555,18909,0
1556,18910,0
1557,18911,0
1558,18912,0
1559,18913,0
1560,18914,0
1561,18915,0
1562,18916,0
1563,18917,0
1564,18918,0
1565,18919,0
1566,18920,0
1567,18921,0
1568,18922,0
1569,18923,0
1570,18924,0
1571,18925,0
1572,18926,0
1573,18927,0
1574,18928,0
1575,18929,0
1576,18930,0
1577,18931,0
1578,18932,0
1579,18933,0
1580,18934,0
1581,18935,0
1582,18936,0
1583,18937,0
1584,18938,0
1585,18939,0
1586,18940,0
1587,18941,0
1588,18942,0
1589,18943,0
1590,18944,0
1591,18945,0
1592,18946,0
1593,18947,0
1594,18948,0
1595,18949,0
1596,18950,0
1597,18951,0
1598,18952,0
1599,18953,0
1600,18954,0
1601,18955,0
1602,18956,0
1603,18957,0
1604,18958,0
1605,18959,0
1606,18960,0
1607,18961,0
1608,18962,0
1609,18963,0
1610,18964,0
1611,18965,0
1612,18966,0
1613,18967,0
1614,18968,0
1615,18969,0
1616,18970,0
1617,18971,0
1618,18972,0
1619,18973,0
1620,18974,0
1621,18975,0
1622,18976,0
1623,18977,0
1624,18978,0
1625,18979,0
1626,18980,0
1627,18981,0
1628,18982,0
1629,18983,0
1630,18984,0
1631,18985,0
1632,18986,0
1633,18987,0
1634,18988,0
1635,18989,0
1636,18990,0
1637,18991,0
1638,18992,0
1639,18993,0
1640,18994,0
1641,18995,0
1642,18996,0
1643,18997,0
1644,18998,0
1645,18999,0
1646,19000,0
1647,19001,0
1648,19002,0
1649,19003,0
1650,19004,0
1651,19005,0
1652,19006,0
1653,19007,0
1654,19008,0
1655,19009,0
1656,19010,0
1657,19011,0
1658,19012,0
1659,19013,0
1660,19014,0
1661,19015,0
1662,19016,0
1663,19017,0
1664,19018,0
1665,19019,0
1666,19020,0
1667,19021,0
1668,19022,0
1669,19023,0
1670,19024,0
1671,19025,0
1672,19026,0
1673,19027,0
1674,19028,0
1675,19029,0
1676,19030,0
1677,19031,0
1678,19032,0
1679,19033,0
1680,19034,0
1681,19035,0
1682,19036,0
1683,19037,0
1684,19038,0
1685,19039,0
1686,19040,0
1687,19041,0
1688,19042,0
1689,19043,0
1690,19044,0
1691,19045,0
1692,19046,0
1693,19047,0
1694,19048,0
1695,19049,0
1696,19050,0
1697,19051,0
1698,19052,0
1699,19053,0
1700,19054,0
1701,19055,0
1702,19056,0
1703,19057,0
1704,19058,0
1705,19059,0
1706,19060,0
1707,19061,0
1708,19062,0
1709,19063,0
1710,19064,0
1711,19065,0
1712,19066,0
1713,19067,0
1714,19068,0
1715,19069,0
1716,19070,0
1717,19071,0
1718,19072,0
1719,19073,0
1720,19074,0
1721,19075,0
1722,19076,0
1723,19077,0
1724,19078,0
1725,19079,0
1726,19080,0
1727,19081,0
1728,19082,0
1729,19083,0
1730,19084,0
1731,19085,0
1732,19086,0
1733,19087,0
1734,19088,0
1735,19089,0
1736,19090,0
1737,19091,0
1738,19092,0
1739,19093,0
1740,19094,0
1741,19095,0
1742,19096,0
1743,19097,0
1744,19098,0
1745,19099,0
1746,19100,0
1747,19101,0
1748,19102,0
1749,19103,0
1750,19104,0
1751,19105,0
1752,19106,0
1753,19107,0
1754,19108,0
1755,19109,0
1756,19110,1
1757,19111,0
1758,19112,0
1759,19113,0
1760,19114,0
1761,19115,0
1762,19116,0
1763,19117,0
1764,19118,0
1765,19119,0
1766,19120,0
1767,19121,0
1768,19122,0
1769,19123,0
1770,19124,0
1771,19125,0
1772,19126,0
1773,19127,0
1774,19128,0
1775,19129,0
1776,19130,0
1777,19131,0
1778,19132,0
1779,19133,0
1780,19134,0
1781,19135,0
1782,19136,0
1783,19137,0
1784,19138,0
1785,19139,0
1786,19140,0
1787,19141,0
1788,19142,0
1789,19143,0
1790,19144,0
1791,19145,0
1792,19146,0
1793,19147,0
1794,19148,0
1795,19149,0
1796,19150,0
1797,19151,0
1798,19152,0
1799,19153,0
1800,19154,0
1801,19155,0
1802,19156,0
1803,19157,0
1804,19158,0
1805,19159,0
1806,19160,0
1807,19161,0
1808,19162,0
1809,19163,0
1810,19164,0
1811,19165,0
1812,19166,0
1813,19167,0
1814,19168,0
1815,19169,0
1816,19170,0
1817,19171,0
1818,19172,0
1819,19173,0
1820,19174,0
1821,19175,0
1822,19176,0
1823,19177,0
1824,19178,0
1825,19179,0
1826,19180,0
1827,19181,0
1828,19182,0
1829,19183,0
1830,19184,0
1831,19185,0
1832,19186,0
1833,19187,0
1834,19188,0
1835,19189,0
1836,19190,0
1837,19191,0
1838,19192,0
1839,19193,0
1840,19194,0
1841,19195,0
1842,19196,0
1843,19197,0
1844,19198,0
1845,19199,0
1846,19200,0
1847,19201,0
1848,19202,0
1849,19203,0
1850,19204,0
1851,19205,0
1852,19206,0
1853,19207,0
1854,19208,0
1855,19209,0
1856,19210,0
1857,19211,0
1858,19212,0
1859,19213,0
1860,19214,0
1861,19215,0
1862,19216,0
1863,19217,0
1864,19218,0
1865,19219,0
1866,19220,0
1867,19221,0
1868,19222,0
1869,19223,0
1870,19224,0
1871,19225,0
1872,19226,0
1873,19227,0
1874,19228,0
1875,19229,0
1876,19230,0
1877,19231,0
1878,19232,0
1879,19233,0
1880,19234,0
1881,19235,0
1882,19236,0
1883,19237,0
1884,19238,0
1885,19239,0
1886,19240,0
1887,19241,0
1888,19242,0
1889,19243,0
1890,19244,0
1891,19245,0
1892,19246,0
1893,19247,0
1894,19248,0
1895,19249,0
1896,19250,0
1897,19251,0
1898,19252,1
1899,19253,0
1900,19254,0
1901,19255,0
1902,19256,0
1903,19257,0
1904,19258,0
1905,19259,0
1906,19260,0
1907,19261,0
1908,19262,0
1909,19263,0
1910,19264,0
1911,19265,0
1912,19266,1
1913,19267,0
1914,19268,0
1915,19269,0
1916,19270,0
1917,19271,0
1918,19272,0
1919,19273,0
1920,19274,0
1921,19275,0
1922,19276,0
1923,19277,0
1924,19278,0
1925,19279,0
1926,19280,0
1927,19281,0
1928,19282,0
1929,19283,0
1930,19284,0
1931,19285,0
1932,19286,0
1933,19287,0
1934,19288,0
1935,19289,0
1936,19290,0
1937,19291,0
1938,19292,1
1939,19293,0
1940,19294,0
1941,19295,0
1942,19296,0
1943,19297,0
1944,19298,0
1945,19299,0
1946,19300,0
1947,19301,0
1948,19302,0
1949,19303,0
1950,19304,0
1951,19305,0
1952,19306,0
1953,19307,0
1954,19308,0
1955,19309,0
1956,19310,0
1957,19311,0
1958,19312,0
1959,19313,0
1960,19314,0
1961,19315,0
1962,19316,0
1963,19317,0
1964,19318,0
1965,19319,0
1966,19320,0
1967,19321,0
1968,19322,0
1969,19323,0
1970,19324,0
1971,19325,0
1972,19326,0
1973,19327,0
1974,19328,0
1975,19329,0
1976,19330,0
1977,19331,0
1978,19332,0
1979,19333,0
1980,19334,0
1981,19335,1
1982,19336,0
1983,19337,0
1984,19338,0
1985,19339,0
1986,19340,0
1987,19341,0
1988,19342,0
1989,19343,0
1990,19344,0
1991,19345,0
1992,19346,0
1993,19347,0
1994,19348,0
1995,19349,0
1996,19350,0
1997,19351,0
1998,19352,0
1999,19353,0
2000,19354,0
2001,19355,0
2002,19356,0
2003,19357,0
2004,19358,0
2005,19359,0
2006,19360,0
2007,19361,0
2008,19362,0
2009,19363,0
2010,19364,0
2011,19365,0
2012,19366,0
2013,19367,0
2014,19368,0
2015,19369,0
2016,19370,0
2017,19371,0
2018,19372,0
2019,19373,0
2020,19374,0
2021,19375,0
2022,19376,0
2023,19377,0
2024,19378,0
2025,19379,0
2026,19380,0
2027,19381,0
2028,19382,0
2029,19383,0
2030,19384,0
2031,19385,0
2032,19386,0
2033,19387,0
2034,19388,0
2035,19389,0
2036,19390,0
2037,19391,0
2038,19392,0
2039,19393,0
2040,19394,0
2041,19395,0
2042,19396,0
2043,19397,0
2044,19398,0
2045,19399,0
2046,19400,0
2047,19401,0
2048,19402,0
2049,19403,0
2050,19404,0
2051,19405,0
2052,19406,0
2053,19407,0
2054,19408,0
2055,19409,0
2056,19410,0
2057,19411,0
2058,19412,0
2059,19413,0
2060,19414,0
2061,19415,0
2062,19416,0
2063,19417,0
2064,19418,0
2065,19419,0
2066,19420,0
2067,19421,0
2068,19422,0
2069,19423,0
2070,19424,0
2071,19425,0
2072,19426,0
2073,19427,0
2074,19428,0
2075,19429,0
2076,19430,0
2077,19431,0
2078,19432,0
2079,19433,0
2080,19434,0
2081,19435,0
2082,19436,0
2083,19437,0
2084,19438,0
2085,19439,0
2086,19440,0
2087,19441,0
2088,19442,0
2089,19443,0
2090,19444,0
2091,19445,0
2092,19446,0
2093,19447,0
2094,19448,0
2095,19449,0
2096,19450,0
2097,19451,0
2098,19452,0
2099,19453,0
2100,19454,0
2101,19455,0
2102,19456,0
2103,19457,0
2104,19458,0
2105,19459,0
2106,19460,0
2107,19461,0
2108,19462,0
2109,19463,0
2110,19464,0
2111,19465,0
2112,19466,0
2113,19467,0
2114,19468,0
2115,19469,0
2116,19470,0
2117,19471,0
2118,19472,0
2119,19473,0
2120,19474,0
2121,19475,0
2122,19476,0
2123,19477,0
2124,19478,0
2125,19479,0
2126,19480,0
2127,19481,0
2128,19482,0
2129,19483,0
2130,19484,0
2131,19485,0
2132,19486,0
2133,19487,0
2134,19488,0
2135,19489,0
2136,19490,0
2137,19491,0
2138,19492,0
2139,19493,0
2140,19494,0
2141,19495,0
2142,19496,0
2143,19497,0
2144,19498,0
2145,19499,0
2146,19500,0
2147,19501,0
2148,19502,0
2149,19503,0
2150,19504,0
2151,19505,0
2152,19506,0
2153,19507,0
2154,19508,0
2155,19509,0
2156,19510,0
2157,19511,0
2158,19512,0
2159,19513,0
2160,19514,0
2161,19515,0
2162,19516,0
2163,19517,0
2164,19518,0
2165,19519,0
2166,19520,0
2167,19521,0
2168,19522,0
2169,19523,0
2170,19524,0
2171,19525,0
2172,19526,0
2173,19527,0
2174,19528,0
2175,19529,0
2176,19530,0
2177,19531,0
2178,19532,0
2179,19533,0
2180,19534,0
2181,19535,0
2182,19536,0
2183,19537,0
2184,19538,0
2185,19539,0
2186,19540,0
2187,19541,0
2188,19542,0
2189,19543,0
2190,19544,0
2191,19545,0
2192,19546,0
2193,19547,0
2194,19548,0
2195,19549,1
2196,19550,0
2197,19551,0
2198,19552,0
2199,19553,0
2200,19554,0
2201,19555,0
2202,19556,0
2203,19557,0
2204,19558,0
2205,19559,0
2206,19560,0
2207,19561,0
2208,19562,0
2209,19563,0
2210,19564,0
2211,19565,0
2212,19566,0
2213,19567,0
2214,19568,0
2215,19569,0
2216,19570,0
2217,19571,0
2218,19572,0
2219,19573,0
2220,19574,0
2221,19575,0
2222,19576,0
2223,19577,0
2224,19578,0
2225,19579,0
2226,19580,0
2227,19581,0
2228,19582,0
2229,19583,0
2230,19584,0
2231,19585,0
2232,19586,0
2233,19587,0
2234,19588,0
2235,19589,0
2236,19590,0
2237,19591,0
2238,19592,0
2239,19593,0
2240,19594,0
2241,19595,0
2242,19596,0
2243,19597,0
2244,19598,0
2245,19599,0
2246,19600,0
2247,19601,0
2248,19602,0
2249,19603,0
2250,19604,0
2251,19605,0
2252,19606,0
2253,19607,0
2254,19608,0
2255,19609,0
2256,19610,0
2257,19611,0
2258,19612,0
2259,19613,0
2260,19614,0
2261,19615,0
2262,19616,0
2263,19617,0
2264,19618,0
2265,19619,0
2266,19620,0
2267,19621,0
2268,19622,0
2269,19623,0
2270,19624,0
2271,19625,0
2272,19626,0
2273,19627,0
2274,19628,0
2275,19629,0
2276,19630,0
2277,19631,0
2278,19632,0
2279,19633,0
2280,19634,0
2281,19635,0
2282,19636,0
2283,19637,0
2284,19638,0
2285,19639,0
2286,19640,0
2287,19641,1
2288,19642,0
2289,19643,0
2290,19644,0
2291,19645,0
2292,19646,0
2293,19647,0
2294,19648,0
2295,19649,0
2296,19650,0
2297,19651,0
2298,19652,0
2299,19653,0
2300,19654,0
2301,19655,0
2302,19656,0
2303,19657,0
2304,19658,0
2305,19659,0
2306,19660,0
2307,19661,0
2308,19662,0
2309,19663,0
2310,19664,0
2311,19665,0
2312,19666,0
2313,19667,0
2314,19668,0
2315,19669,0
2316,19670,0
2317,19671,0
2318,19672,0
2319,19673,0
2320,19674,0
2321,19675,0
2322,19676,0
2323,19677,0
2324,19678,0
2325,19679,0
2326,19680,0
2327,19681,0
2328,19682,0
2329,19683,0
2330,19684,0
2331,19685,0
2332,19686,0
2333,19687,0
2334,19688,0
2335,19689,0
2336,19690,0
2337,19691,0
2338,19692,0
2339,19693,0
2340,19694,0
2341,19695,0
2342,19696,0
2343,19697,0
2344,19698,0
2345,19699,0
2346,19700,0
2347,19701,0
2348,19702,0
2349,19703,0
2350,19704,0
2351,19705,0
2352,19706,0
2353,19707,0
2354,19708,0
2355,19709,0
2356,19710,0
2357,19711,0
2358,19712,0
2359,19713,0
2360,19714,0
2361,19715,0
2362,19716,0
2363,19717,0
2364,19718,0
2365,19719,0
2366,19720,0
2367,19721,0
2368,19722,0
2369,19723,0
2370,19724,0
2371,19725,0
2372,19726,0
2373,19727,0
2374,19728,0
2375,19729,0
2376,19730,0
2377,19731,0
2378,19732,0
2379,19733,0
2380,19734,0
2381,19735,0
2382,19736,0
2383,19737,0
2384,19738,0
2385,19739,0
2386,19740,0
2387,19741,0
2388,19742,0
2389,19743,0
2390,19744,0
2391,19745,0
2392,19746,0
2393,19747,0
2394,19748,0
2395,19749,0
2396,19750,0
2397,19751,0
2398,19752,0
2399,19753,0
2400,19754,0
2401,19755,0
2402,19756,0
2403,19757,0
2404,19758,0
2405,19759,0
2406,19760,0
2407,19761,0
2408,19762,0
2409,19763,0
2410,19764,1
2411,19765,0
2412,19766,0
2413,19767,0
2414,19768,0
2415,19769,0
2416,19770,0
2417,19771,0
2418,19772,0
2419,19773,0
2420,19774,0
2421,19775,0
2422,19776,0
2423,19777,0
2424,19778,0
2425,19779,0
2426,19780,0
2427,19781,0
2428,19782,0
2429,19783,0
2430,19784,0
2431,19785,0
2432,19786,0
2433,19787,0
2434,19788,0
2435,19789,0
2436,19790,0
2437,19791,0
2438,19792,0
2439,19793,0
2440,19794,0
2441,19795,0
2442,19796,0
2443,19797,0
2444,19798,0
2445,19799,0
2446,19800,0
2447,19801,0
2448,19802,0
2449,19803,0
2450,19804,0
2451,19805,0
2452,19806,0
2453,19807,0
2454,19808,0
2455,19809,0
2456,19810,0
2457,19811,0
2458,19812,0
2459,19813,0
2460,19814,0
2461,19815,0
2462,19816,0
2463,19817,0
2464,19818,0
2465,19819,0
2466,19820,0
2467,19821,0
2468,19822,0
2469,19823,0
2470,19824,0
2471,19825,0
2472,19826,0
2473,19827,0
2474,19828,0
2475,19829,0
2476,19830,0
2477,19831,0
2478,19832,0
2479,19833,0
2480,19834,0
2481,19835,0
2482,19836,0
2483,19837,0
2484,19838,0
2485,19839,0
2486,19840,0
2487,19841,0
2488,19842,0
2489,19843,0
2490,19844,0
2491,19845,0
2492,19846,0
2493,19847,0
2494,19848,0
2495,19849,0
2496,19850,0
2497,19851,0
2498,19852,0
2499,19853,0
2500,19854,0
2501,19855,0
2502,19856,0
2503,19857,0
2504,19858,0
2505,19859,0
2506,19860,0
2507,19861,0
2508,19862,0
2509,19863,0
2510,19864,0
2511,19865,0
2512,19866,0
2513,19867,0
2514,19868,0
2515,19869,0
2516,19870,0
2517,19871,0
2518,19872,0
2519,19873,0
2520,19874,0
2521,19875,0
2522,19876,0
2523,19877,0
2524,19878,1
2525,19879,0
2526,19880,0
2527,19881,0
2528,19882,0
2529,19883,0
2530,19884,0
2531,19885,0
2532,19886,0
2533,19887,0
2534,19888,0
2535,19889,0
2536,19890,0
2537,19891,0
2538,19892,0
2539,19893,0
2540,19894,0
2541,19895,0
2542,19896,0
2543,19897,0
2544,19898,0
2545,19899,0
2546,19900,0
2547,19901,0
2548,19902,0
2549,19903,0
2550,19904,0
2551,19905,0
2552,19906,0
2553,19907,0
2554,19908,0
2555,19909,0
2556,19910,0
2557,19911,0
2558,19912,0
2559,19913,0
2560,19914,0
2561,19915,0
2562,19916,0
2563,19917,0
2564,19918,0
2565,19919,0
2566,19920,0
2567,19921,0
2568,19922,0
2569,19923,0
2570,19924,0
2571,19925,0
2572,19926,0
2573,19927,0
2574,19928,0
2575,19929,0
2576,19930,0
2577,19931,0
2578,19932,0
2579,19933,0
2580,19934,0
2581,19935,0
2582,19936,1
2583,19937,0
2584,19938,0
2585,19939,0
2586,19940,0
2587,19941,0
2588,19942,0
2589,19943,0
2590,19944,0
2591,19945,0
2592,19946,0
2593,19947,0
2594,19948,0
2595,19949,0
2596,19950,0
2597,19951,0
2598,19952,0
2599,19953,0
2600,19954,0
2601,19955,0
2602,19956,0
2603,19957,0
2604,19958,0
2605,19959,0
2606,19960,0
2607,19961,0
2608,19962,0
2609,19963,0
2610,19964,0
2611,19965,0
2612,19966,0
2613,19967,0
2614,19968,0
2615,19969,0
2616,19970,0
2617,19971,0
2618,19972,0
2619,19973,0
2620,19974,0
2621,19975,0
2622,19976,0
2623,19977,0
2624,19978,0
2625,19979,0
2626,19980,0
2627,19981,0
2628,19982,0
2629,19983,0
2630,19984,0
2631,19985,0
2632,19986,0
2633,19987,0
2634,19988,0
2635,19989,0
2636,19990,0
2637,19991,0
2638,19992,0
2639,19993,0
2640,19994,0
2641,19995,0
2642,19996,0
2643,19997,0
2644,19998,0
2645,19999,0
2646,20000,0
2647,20001,0
2648,20002,0
2649,20003,0
2650,20004,0
2651,20005,0
2652,20006,0
2653,20007,0
2654,20008,0
2655,20009,0
2656,20010,0
2657,20011,0
2658,20012,0
2659,20013,0
2660,20014,0
2661,20015,0
2662,20016,0
2663,20017,0
2664,20018,0
2665,20019,0
2666,20020,0
2667,20021,0
2668,20022,0
2669,20023,0
2670,20024,0
2671,20025,0
2672,20026,0
2673,20027,0
2674,20028,0
2675,20029,0
2676,20030,0
2677,20031,0
2678,20032,0
2679,20033,0
2680,20034,0
2681,20035,0
2682,20036,0
2683,20037,0
2684,20038,0
2685,20039,1
2686,20040,0
2687,20041,0
2688,20042,0
2689,20043,0
2690,20044,0
2691,20045,0
2692,20046,0
2693,20047,0
2694,20048,0
2695,20049,0
2696,20050,0
2697,20051,0
2698,20052,0
2699,20053,0
2700,20054,0
2701,20055,0
2702,20056,0
2703,20057,0
2704,20058,1
2705,20059,0
2706,20060,0
2707,20061,0
2708,20062,0
2709,20063,0
2710,20064,0
2711,20065,0
2712,20066,0
2713,20067,0
2714,20068,0
2715,20069,0
2716,20070,0
2717,20071,0
2718,20072,0
2719,20073,0
2720,20074,0
2721,20075,0
2722,20076,0
2723,20077,0
2724,20078,0
2725,20079,0
2726,20080,0
2727,20081,0
2728,20082,0
2729,20083,0
2730,20084,0
2731,20085,0
2732,20086,0
2733,20087,0
2734,20088,0
2735,20089,0
2736,20090,0
2737,20091,0
2738,20092,0
2739,20093,0
2740,20094,0
2741,20095,0
2742,20096,0
2743,20097,0
2744,20098,0
2745,20099,0
2746,20100,0
2747,20101,0
2748,20102,0
2749,20103,0
2750,20104,0
2751,20105,0
2752,20106,0
2753,20107,0
2754,20108,0
2755,20109,0
2756,20110,0
2757,20111,1
2758,20112,0
2759,20113,0
2760,20114,0
2761,20115,0
2762,20116,0
2763,20117,0
2764,20118,0
2765,20119,0
2766,20120,0
2767,20121,0
2768,20122,0
2769,20123,0
2770,20124,0
2771,20125,0
2772,20126,0
2773,20127,0
2774,20128,0
2775,20129,0
2776,20130,0
2777,20131,0
2778,20132,0
2779,20133,0
2780,20134,0
2781,20135,0
2782,20136,0
2783,20137,0
2784,20138,0
2785,20139,0
2786,20140,0
2787,20141,0
2788,20142,0
2789,20143,0
2790,20144,0
2791,20145,0
2792,20146,0
2793,20147,0
2794,20148,0
2795,20149,0
2796,20150,0
2797,20151,0
2798,20152,0
2799,20153,0
2800,20154,0
2801,20155,0
2802,20156,0
2803,20157,0
2804,20158,0
2805,20159,0
2806,20160,0
2807,20161,0
2808,20162,0
2809,20163,0
2810,20164,0
2811,20165,0
2812,20166,0
2813,20167,0
2814,20168,0
2815,20169,0
2816,20170,0
2817,20171,0
2818,20172,0
2819,20173,0
2820,20174,0
2821,20175,0
2822,20176,0
2823,20177,0
2824,20178,0
2825,20179,0
2826,20180,0
2827,20181,0
2828,20182,0
2829,20183,0
2830,20184,0
2831,20185,0
2832,20186,0
2833,20187,0
2834,20188,0
2835,20189,0
2836,20190,0
2837,20191,0
2838,20192,0
2839,20193,0
2840,20194,0
2841,20195,0
2842,20196,0
2843,20197,0
2844,20198,0
2845,20199,0
2846,20200,0
2847,20201,0
2848,20202,0
2849,20203,0
2850,20204,0
2851,20205,0
2852,20206,0
2853,20207,0
2854,20208,0
2855,20209,0
2856,20210,0
2857,20211,0
2858,20212,0
2859,20213,0
2860,20214,0
2861,20215,0
2862,20216,0
2863,20217,0
2864,20218,0
2865,20219,0
2866,20220,0
2867,20221,0
2868,20222,0
2869,20223,0
2870,20224,0
2871,20225,0
2872,20226,0
2873,20227,0
2874,20228,0
2875,20229,0
2876,20230,0
2877,20231,0
2878,20232,0
2879,20233,0
2880,20234,0
2881,20235,0
2882,20236,0
2883,20237,0
2884,20238,0
2885,20239,0
2886,20240,0
2887,20241,0
2888,20242,0
2889,20243,0
2890,20244,0
2891,20245,0
2892,20246,0
2893,20247,0
2894,20248,0
2895,20249,0
2896,20250,0
2897,20251,0
2898,20252,0
2899,20253,0
2900,20254,0
2901,20255,0
2902,20256,0
2903,20257,0
2904,20258,0
2905,20259,0
2906,20260,0
2907,20261,0
2908,20262,0
2909,20263,0
2910,20264,0
2911,20265,0
2912,20266,0
2913,20267,0
2914,20268,0
2915,20269,0
2916,20270,0
2917,20271,0
2918,20272,0
2919,20273,0
2920,20274,0
2921,20275,0
2922,20276,0
2923,20277,0
2924,20278,0
2925,20279,0
2926,20280,0
2927,20281,0
2928,20282,0
2929,20283,0
2930,20284,0
2931,20285,1
2932,20286,0
2933,20287,0
2934,20288,0
2935,20289,0
2936,20290,0
2937,20291,0
2938,20292,0
2939,20293,0
2940,20294,0
2941,20295,0
2942,20296,0
2943,20297,0
2944,20298,0
2945,20299,0
2946,20300,0
2947,20301,0
2948,20302,0
2949,20303,0
2950,20304,0
2951,20305,0
2952,20306,0
2953,20307,0
2954,20308,0
2955,20309,0
2956,20310,0
2957,20311,0
2958,20312,0
2959,20313,0
2960,20314,0
2961,20315,0
2962,20316,0
2963,20317,0
2964,20318,0
2965,20319,0
2966,20320,0
2967,20321,0
2968,20322,0
2969,20323,0
2970,20324,0
2971,20325,0
2972,20326,0
2973,20327,0
2974,20328,0
2975,20329,0
2976,20330,0
2977,20331,0
2978,20332,0
2979,20333,0
2980,20334,0
2981,20335,0
2982,20336,0
2983,20337,0
2984,20338,0
2985,20339,0
2986,20340,0
2987,20341,0
2988,20342,0
2989,20343,0
2990,20344,0
2991,20345,0
2992,20346,0
2993,20347,0
2994,20348,0
2995,20349,0
2996,20350,0
2997,20351,0
2998,20352,0
2999,20353,0
3000,20354,0
3001,20355,0
3002,20356,0
3003,20357,0
3004,20358,0
3005,20359,0
3006,20360,0
3007,20361,0
3008,20362,0
3009,20363,0
3010,20364,0
3011,20365,0
3012,20366,0
3013,20367,0
3014,20368,0
3015,20369,0
3016,20370,0
3017,20371,0
3018,20372,0
3019,20373,0
3020,20374,0
3021,20375,0
3022,20376,0
3023,20377,0
3024,20378,0
3025,20379,0
3026,20380,0
3027,20381,0
3028,20382,0
3029,20383,1
3030,20384,0
3031,20385,0
3032,20386,0
3033,20387,0
3034,20388,0
3035,20389,0
3036,20390,0
3037,20391,0
3038,20392,0
3039,20393,0
3040,20394,0
3041,20395,0
3042,20396,0
3043,20397,0
3044,20398,0
3045,20399,0
3046,20400,0
3047,20401,0
3048,20402,0
3049,20403,0
3050,20404,0
3051,20405,0
3052,20406,0
3053,20407,0
3054,20408,0
3055,20409,0
3056,20410,1
3057,20411,0
3058,20412,0
3059,20413,0
3060,20414,0
3061,20415,0
3062,20416,0
3063,20417,0
3064,20418,0
3065,20419,0
3066,20420,0
3067,20421,0
3068,20422,0
3069,20423,0
3070,20424,0
3071,20425,0
3072,20426,0
3073,20427,0
3074,20428,0
3075,20429,0
3076,20430,0
3077,20431,0
3078,20432,0
3079,20433,0
3080,20434,0
3081,20435,0
3082,20436,0
3083,20437,0
3084,20438,0
3085,20439,0
3086,20440,0
3087,20441,0
3088,20442,0
3089,20443,0
3090,20444,0
3091,20445,0
3092,20446,0
3093,20447,0
3094,20448,0
3095,20449,0
3096,20450,0
3097,20451,0
3098,20452,0
3099,20453,0
3100,20454,0
3101,20455,0
3102,20456,0
3103,20457,0
3104,20458,0
3105,20459,0
3106,20460,0
3107,20461,0
3108,20462,0
3109,20463,0
3110,20464,0
3111,20465,0
3112,20466,0
3113,20467,0
3114,20468,0
3115,20469,0
3116,20470,0
3117,20471,0
3118,20472,0
3119,20473,0
3120,20474,0
3121,20475,0
3122,20476,0
3123,20477,0
3124,20478,0
3125,20479,0
3126,20480,0
3127,20481,0
3128,20482,0
3129,20483,0
3130,20484,0
3131,20485,0
3132,20486,0
3133,20487,0
3134,20488,0
3135,20489,0
3136,20490,0
3137,20491,0
3138,20492,0
3139,20493,0
3140,20494,0
3141,20495,0
3142,20496,0
3143,20497,0
3144,20498,1
3145,20499,0
3146,20500,0
3147,20501,0
3148,20502,0
3149,20503,0
3150,20504,0
3151,20505,0
3152,20506,0
3153,20507,0
3154,20508,0
3155,20509,0
3156,20510,0
3157,20511,0
3158,20512,0
3159,20513,0
3160,20514,0
3161,20515,0
3162,20516,0
3163,20517,0
3164,20518,0
3165,20519,0
3166,20520,0
3167,20521,0
3168,20522,0
3169,20523,0
3170,20524,0
3171,20525,0
3172,20526,0
3173,20527,0
3174,20528,0
3175,20529,0
3176,20530,0
3177,20531,0
3178,20532,0
3179,20533,0
3180,20534,0
3181,20535,0
3182,20536,0
3183,20537,0
3184,20538,0
3185,20539,0
3186,20540,0
3187,20541,0
3188,20542,0
3189,20543,0
3190,20544,0
3191,20545,0
3192,20546,0
3193,20547,0
3194,20548,0
3195,20549,0
3196,20550,0
3197,20551,0
3198,20552,0
3199,20553,0
3200,20554,0
3201,20555,0
3202,20556,0
3203,20557,0
3204,20558,0
3205,20559,0
3206,20560,0
3207,20561,0
3208,20562,0
3209,20563,0
3210,20564,0
3211,20565,0
3212,20566,0
3213,20567,0
3214,20568,0
3215,20569,0
3216,20570,0
3217,20571,0
3218,20572,0
3219,20573,0
3220,20574,0
3221,20575,0
3222,20576,0
3223,20577,0
3224,20578,0
3225,20579,0
3226,20580,0
3227,20581,0
3228,20582,0
3229,20583,0
3230,20584,0
3231,20585,0
3232,20586,0
3233,20587,0
3234,20588,0
3235,20589,0
3236,20590,0
3237,20591,0
3238,20592,0
3239,20593,0
3240,20594,0
3241,20595,0
3242,20596,0
3243,20597,0
3244,20598,0
3245,20599,0
3246,20600,0
3247,20601,0
3248,20602,0
3249,20603,0
3250,20604,0
3251,20605,0
3252,20606,0
3253,20607,0
3254,20608,0
3255,20609,0
3256,20610,0
3257,20611,0
3258,20612,0
3259,20613,0
3260,20614,0
3261,20615,0
3262,20616,0
3263,20617,0
3264,20618,0
3265,20619,0
3266,20620,0
3267,20621,0
3268,20622,0
3269,20623,0
3270,20624,0
3271,20625,0
3272,20626,0
3273,20627,0
3274,20628,0
3275,20629,0
3276,20630,0
3277,20631,0
3278,20632,0
3279,20633,0
3280,20634,0
3281,20635,0
3282,20636,0
3283,20637,0
3284,20638,0
3285,20639,0
3286,20640,0
3287,20641,0
3288,20642,0
3289,20643,0
3290,20644,0
3291,20645,0
3292,20646,0
3293,20647,0
3294,20648,0
3295,20649,0
3296,20650,0
3297,20651,0
3298,20652,0
3299,20653,0
3300,20654,0
3301,20655,0
3302,20656,0
3303,20657,0
3304,20658,0
3305,20659,0
3306,20660,0
3307,20661,0
3308,20662,0
3309,20663,0
3310,20664,0
3311,20665,0
3312,20666,0
3313,20667,0
3314,20668,0
3315,20669,0
3316,20670,0
3317,20671,0
3318,20672,0
3319,20673,0
3320,20674,0
3321,20675,0
3322,20676,0
3323,20677,0
3324,20678,0
3325,20679,0
3326,20680,0
3327,20681,0
3328,20682,0
3329,20683,0
3330,20684,0
3331,20685,0
3332,20686,0
3333,20687,0
3334,20688,1
3335,20689,0
3336,20690,0
3337,20691,0
3338,20692,0
3339,20693,0
3340,20694,0
3341,20695,0
3342,20696,0
3343,20697,0
3344,20698,0
3345,20699,0
3346,20700,0
3347,20701,0
3348,20702,0
3349,20703,0
3350,20704,0
3351,20705,0
3352,20706,0
3353,20707,0
3354,20708,0
3355,20709,0
3356,20710,0
3357,20711,0
3358,20712,0
3359,20713,0
3360,20714,0
3361,20715,0
3362,20716,0
3363,20717,0
3364,20718,0
3365,20719,0
3366,20720,0
3367,20721,0
3368,20722,0
3369,20723,0
3370,20724,0
3371,20725,0
3372,20726,0
3373,20727,0
3374,20728,0
3375,20729,0
3376,20730,0
3377,20731,0
3378,20732,0
3379,20733,0
3380,20734,0
3381,20735,0
3382,20736,0
3383,20737,0
3384,20738,0
3385,20739,0
3386,20740,0
3387,20741,0
3388,20742,0
3389,20743,0
3390,20744,0
3391,20745,0
3392,20746,0
3393,20747,0
3394,20748,0
3395,20749,0
3396,20750,0
3397,20751,0
3398,20752,0
3399,20753,0
3400,20754,0
3401,20755,0
3402,20756,0
3403,20757,0
3404,20758,0
3405,20759,0
3406,20760,0
3407,20761,0
3408,20762,0
3409,20763,0
3410,20764,0
3411,20765,0
3412,20766,0
3413,20767,0
3414,20768,0
3415,20769,0
3416,20770,0
3417,20771,0
3418,20772,1
3419,20773,0
3420,20774,0
3421,20775,0
3422,20776,0
3423,20777,0
3424,20778,0
3425,20779,0
3426,20780,0
3427,20781,0
3428,20782,0
3429,20783,0
3430,20784,0
3431,20785,0
3432,20786,0
3433,20787,0
3434,20788,0
3435,20789,0
3436,20790,0
3437,20791,0
3438,20792,0
3439,20793,0
3440,20794,0
3441,20795,0
3442,20796,0
3443,20797,0
3444,20798,0
3445,20799,0
3446,20800,0
3447,20801,0
3448,20802,0
3449,20803,0
3450,20804,0
3451,20805,0
3452,20806,0
3453,20807,0
3454,20808,0
3455,20809,0
3456,20810,0
3457,20811,0
3458,20812,0
3459,20813,0
3460,20814,0
3461,20815,0
3462,20816,0
3463,20817,0
3464,20818,0
3465,20819,0
3466,20820,0
3467,20821,0
3468,20822,0
3469,20823,0
3470,20824,0
3471,20825,0
3472,20826,0
3473,20827,0
3474,20828,0
3475,20829,0
3476,20830,0
3477,20831,0
3478,20832,0
3479,20833,0
3480,20834,0
3481,20835,0
3482,20836,0
3483,20837,0
3484,20838,0
3485,20839,0
3486,20840,0
3487,20841,0
3488,20842,0
3489,20843,0
3490,20844,0
3491,20845,0
3492,20846,0
3493,20847,0
3494,20848,0
3495,20849,0
3496,20850,0
3497,20851,0
3498,20852,0
3499,20853,0
3500,20854,0
3501,20855,0
3502,20856,0
3503,20857,0
3504,20858,0
3505,20859,0
3506,20860,0
3507,20861,0
3508,20862,0
3509,20863,0
3510,20864,0
3511,20865,0
3512,20866,0
3513,20867,0
3514,20868,0
3515,20869,0
3516,20870,0
3517,20871,0
3518,20872,0
3519,20873,0
3520,20874,0
3521,20875,0
3522,20876,0
3523,20877,0
3524,20878,0
3525,20879,0
3526,20880,0
3527,20881,0
3528,20882,0
3529,20883,0
3530,20884,0
3531,20885,0
3532,20886,0
3533,20887,0
3534,20888,1
3535,20889,0
3536,20890,0
3537,20891,0
3538,20892,0
3539,20893,0
3540,20894,0
3541,20895,0
3542,20896,0
3543,20897,0
3544,20898,0
3545,20899,0
3546,20900,0
3547,20901,0
3548,20902,0
3549,20903,0
3550,20904,0
3551,20905,0
3552,20906,0
3553,20907,0
3554,20908,0
3555,20909,0
3556,20910,0
3557,20911,0
3558,20912,0
3559,20913,0
3560,20914,0
3561,20915,0
3562,20916,0
3563,20917,0
3564,20918,0
3565,20919,0
3566,20920,0
3567,20921,0
3568,20922,0
3569,20923,0
3570,20924,0
3571,20925,0
3572,20926,0
3573,20927,0
3574,20928,0
3575,20929,0
3576,20930,0
3577,20931,0
3578,20932,0
3579,20933,0
3580,20934,0
3581,20935,0
3582,20936,0
3583,20937,0
3584,20938,0
3585,20939,0
3586,20940,0
3587,20941,0
3588,20942,0
3589,20943,0
3590,20944,0
3591,20945,0
3592,20946,0
3593,20947,0
3594,20948,0
3595,20949,0
3596,20950,0
3597,20951,0
3598,20952,0
3599,20953,0
3600,20954,0
3601,20955,0
3602,20956,0
3603,20957,0
3604,20958,0
3605,20959,0
3606,20960,0
3607,20961,0
3608,20962,0
3609,20963,0
3610,20964,0
3611,20965,0
3612,20966,0
3613,20967,0
3614,20968,0
3615,20969,0
3616,20970,0
3617,20971,0
3618,20972,0
3619,20973,0
3620,20974,0
3621,20975,0
3622,20976,0
3623,20977,0
3624,20978,0
3625,20979,0
3626,20980,0
3627,20981,0
3628,20982,0
3629,20983,0
3630,20984,0
3631,20985,0
3632,20986,0
3633,20987,0
3634,20988,0
3635,20989,0
3636,20990,0
3637,20991,0
3638,20992,0
3639,20993,0
3640,20994,0
3641,20995,0
3642,20996,0
3643,20997,0
3644,20998,0
3645,20999,0
3646,21000,0
3647,21001,0
3648,21002,0
3649,21003,0
3650,21004,0
3651,21005,0
3652,21006,0
3653,21007,0
3654,21008,0
3655,21009,0
3656,21010,0
3657,21011,0
3658,21012,0
3659,21013,0
3660,21014,0
3661,21015,0
3662,21016,0
3663,21017,0
3664,21018,0
3665,21019,0
3666,21020,0
3667,21021,0
3668,21022,0
3669,21023,0
3670,21024,0
3671,21025,0
3672,21026,0
3673,21027,0
3674,21028,0
3675,21029,0
3676,21030,0
3677,21031,0
3678,21032,0
3679,21033,0
3680,21034,0
3681,21035,0
3682,21036,0
3683,21037,0
3684,21038,0
3685,21039,0
3686,21040,0
3687,21041,0
3688,21042,0
3689,21043,0
3690,21044,0
3691,21045,0
3692,21046,0
3693,21047,0
3694,21048,0
3695,21049,0
3696,21050,0
3697,21051,0
3698,21052,0
3699,21053,0
3700,21054,0
3701,21055,0
3702,21056,0
3703,21057,0
3704,21058,0
3705,21059,0
3706,21060,0
3707,21061,0
3708,21062,0
3709,21063,0
3710,21064,0
3711,21065,0
3712,21066,0
3713,21067,0
3714,21068,0
3715,21069,0
3716,21070,0
3717,21071,0
3718,21072,0
3719,21073,0
3720,21074,0
3721,21075,0
3722,21076,0
3723,21077,0
3724,21078,0
3725,21079,0
3726,21080,0
3727,21081,0
3728,21082,0
3729,21083,0
3730,21084,0
3731,21085,0
3732,21086,0
3733,21087,0
3734,21088,0
3735,21089,0
3736,21090,0
3737,21091,0
3738,21092,0
3739,21093,0
3740,21094,0
3741,21095,0
3742,21096,1
3743,21097,0
3744,21098,0
3745,21099,0
3746,21100,0
3747,21101,0
3748,21102,0
3749,21103,0
3750,21104,0
3751,21105,0
3752,21106,0
3753,21107,0
3754,21108,0
3755,21109,0
3756,21110,0
3757,21111,0
3758,21112,0
3759,21113,0
3760,21114,0
3761,21115,0
3762,21116,0
3763,21117,0
3764,21118,0
3765,21119,0
3766,21120,0
3767,21121,0
3768,21122,0
3769,21123,0
3770,21124,0
3771,21125,0
3772,21126,0
3773,21127,0
3774,21128,0
3775,21129,0
3776,21130,0
3777,21131,0
3778,21132,0
3779,21133,0
3780,21134,0
3781,21135,0
3782,21136,0
3783,21137,0
3784,21138,0
3785,21139,0
3786,21140,0
3787,21141,1
3788,21142,0
3789,21143,0
3790,21144,0
3791,21145,0
3792,21146,0
3793,21147,0
3794,21148,0
3795,21149,0
3796,21150,0
3797,21151,0
3798,21152,0
3799,21153,0
3800,21154,0
3801,21155,0
3802,21156,0
3803,21157,0
3804,21158,0
3805,21159,0
3806,21160,0
3807,21161,0
3808,21162,0
3809,21163,0
3810,21164,0
3811,21165,0
3812,21166,0
3813,21167,0
3814,21168,0
3815,21169,0
3816,21170,0
3817,21171,0
3818,21172,0
3819,21173,0
3820,21174,0
3821,21175,0
3822,21176,0
3823,21177,0
3824,21178,0
3825,21179,0
3826,21180,0
3827,21181,0
3828,21182,0
3829,21183,0
3830,21184,0
3831,21185,0
3832,21186,0
3833,21187,0
3834,21188,0
3835,21189,0
3836,21190,0
3837,21191,0
3838,21192,0
3839,21193,0
3840,21194,0
3841,21195,0
3842,21196,0
3843,21197,0
3844,21198,0
3845,21199,0
3846,21200,0
3847,21201,0
3848,21202,0
3849,21203,0
3850,21204,0
3851,21205,0
3852,21206,0
3853,21207,0
3854,21208,0
3855,21209,0
3856,21210,0
3857,21211,0
3858,21212,0
3859,21213,0
3860,21214,0
3861,21215,1
3862,21216,0
3863,21217,0
3864,21218,0
3865,21219,0
3866,21220,0
3867,21221,0
3868,21222,0
3869,21223,0
3870,21224,0
3871,21225,0
3872,21226,0
3873,21227,0
3874,21228,0
3875,21229,0
3876,21230,0
3877,21231,0
3878,21232,0
3879,21233,0
3880,21234,0
3881,21235,0
3882,21236,0
3883,21237,0
3884,21238,0
3885,21239,0
3886,21240,0
3887,21241,0
3888,21242,0
3889,21243,0
3890,21244,0
3891,21245,0
3892,21246,0
3893,21247,0
3894,21248,0
3895,21249,0
3896,21250,0
3897,21251,0
3898,21252,0
3899,21253,0
3900,21254,0
3901,21255,0
3902,21256,0
3903,21257,0
3904,21258,0
3905,21259,0
3906,21260,0
3907,21261,0
3908,21262,0
3909,21263,0
3910,21264,0
3911,21265,0
3912,21266,0
3913,21267,0
3914,21268,0
3915,21269,0
3916,21270,0
3917,21271,0
3918,21272,0
3919,21273,1
3920,21274,0
3921,21275,0
3922,21276,0
3923,21277,0
3924,21278,1
3925,21279,0
3926,21280,0
3927,21281,0
3928,21282,0
3929,21283,0
3930,21284,0
3931,21285,0
3932,21286,0
3933,21287,0
3934,21288,0
3935,21289,0
3936,21290,0
3937,21291,0
3938,21292,0
3939,21293,0
3940,21294,0
3941,21295,0
3942,21296,0
3943,21297,0
3944,21298,0
3945,21299,0
3946,21300,0
3947,21301,0
3948,21302,0
3949,21303,0
3950,21304,0
3951,21305,0
3952,21306,0
3953,21307,0
3954,21308,0
3955,21309,0
3956,21310,0
3957,21311,0
3958,21312,0
3959,21313,1
3960,21314,0
3961,21315,0
3962,21316,0
3963,21317,0
3964,21318,0
3965,21319,0
3966,21320,0
3967,21321,0
3968,21322,0
3969,21323,0
3970,21324,0
3971,21325,0
3972,21326,0
3973,21327,0
3974,21328,0
3975,21329,0
3976,21330,0
3977,21331,0
3978,21332,0
3979,21333,0
3980,21334,0
3981,21335,0
3982,21336,0
3983,21337,0
3984,21338,0
3985,21339,0
3986,21340,0
3987,21341,0
3988,21342,0
3989,21343,0
3990,21344,1
3991,21345,0
3992,21346,0
3993,21347,0
3994,21348,0
3995,21349,0
3996,21350,0
3997,21351,0
3998,21352,0
3999,21353,0
4000,21354,0
4001,21355,0
4002,21356,0
4003,21357,0
4004,21358,0
4005,21359,0
4006,21360,0
4007,21361,0
4008,21362,0
4009,21363,0
4010,21364,0
4011,21365,0
4012,21366,0
4013,21367,0
4014,21368,0
4015,21369,0
4016,21370,0
4017,21371,0
4018,21372,0
4019,21373,0
4020,21374,0
4021,21375,0
4022,21376,0
4023,21377,0
4024,21378,0
4025,21379,0
4026,21380,0
4027,21381,0
4028,21382,0
4029,21383,0
4030,21384,0
4031,21385,0
4032,21386,0
4033,21387,0
4034,21388,0
4035,21389,0
4036,21390,0
4037,21391,0
4038,21392,0
4039,21393,0
4040,21394,0
4041,21395,0
4042,21396,0
4043,21397,0
4044,21398,0
4045,21399,0
4046,21400,0
4047,21401,0
4048,21402,0
4049,21403,0
4050,21404,0
4051,21405,0
4052,21406,0
4053,21407,0
4054,21408,0
4055,21409,0
4056,21410,0
4057,21411,0
4058,21412,0
4059,21413,0
4060,21414,0
4061,21415,0
4062,21416,0
4063,21417,0
4064,21418,0
4065,21419,0
4066,21420,0
4067,21421,0
4068,21422,0
4069,21423,0
4070,21424,0
4071,21425,0
4072,21426,0
4073,21427,0
4074,21428,0
4075,21429,0
4076,21430,0
4077,21431,0
4078,21432,0
4079,21433,0
4080,21434,0
4081,21435,0
4082,21436,0
4083,21437,0
4084,21438,0
4085,21439,0
4086,21440,0
4087,21441,0
4088,21442,0
4089,21443,0
4090,21444,0
4091,21445,0
4092,21446,0
4093,21447,0
4094,21448,0
4095,21449,0
4096,21450,0
4097,21451,0
4098,21452,1
4099,21453,0
4100,21454,0
4101,21455,0
4102,21456,0
4103,21457,0
4104,21458,0
4105,21459,0
4106,21460,0
4107,21461,0
4108,21462,0
4109,21463,0
4110,21464,0
4111,21465,0
4112,21466,0
4113,21467,0
4114,21468,0
4115,21469,0
4116,21470,0
4117,21471,0
4118,21472,0
4119,21473,0
4120,21474,0
4121,21475,0
4122,21476,0
4123,21477,0
4124,21478,0
4125,21479,0
4126,21480,0
4127,21481,0
4128,21482,0
4129,21483,0
4130,21484,0
4131,21485,0
4132,21486,0
4133,21487,0
4134,21488,0
4135,21489,0
4136,21490,0
4137,21491,0
4138,21492,1
4139,21493,0
4140,21494,0
4141,21495,0
4142,21496,0
4143,21497,0
4144,21498,0
4145,21499,0
4146,21500,0
4147,21501,0
4148,21502,0
4149,21503,0
4150,21504,0
4151,21505,0
4152,21506,0
4153,21507,0
4154,21508,0
4155,21509,0
4156,21510,0
4157,21511,0
4158,21512,0
4159,21513,0
4160,21514,0
4161,21515,0
4162,21516,0
4163,21517,0
4164,21518,0
4165,21519,0
4166,21520,0
4167,21521,0
4168,21522,0
4169,21523,0
4170,21524,0
4171,21525,0
4172,21526,0
4173,21527,0
4174,21528,0
4175,21529,0
4176,21530,0
4177,21531,0
4178,21532,0
4179,21533,0
4180,21534,0
4181,21535,0
4182,21536,0
4183,21537,0
4184,21538,0
4185,21539,0
4186,21540,0
4187,21541,0
4188,21542,0
4189,21543,0
4190,21544,0
4191,21545,0
4192,21546,0
4193,21547,0
4194,21548,0
4195,21549,0
4196,21550,0
4197,21551,0
4198,21552,0
4199,21553,0
4200,21554,0
4201,21555,0
4202,21556,0
4203,21557,0
4204,21558,0
4205,21559,0
4206,21560,0
4207,21561,0
4208,21562,0
4209,21563,0
4210,21564,0
4211,21565,0
4212,21566,0
4213,21567,0
4214,21568,0
4215,21569,0
4216,21570,0
4217,21571,0
4218,21572,0
4219,21573,0
4220,21574,0
4221,21575,0
4222,21576,0
4223,21577,0
4224,21578,0
4225,21579,0
4226,21580,0
4227,21581,0
4228,21582,0
4229,21583,0
4230,21584,0
4231,21585,0
4232,21586,0
4233,21587,0
4234,21588,0
4235,21589,0
4236,21590,0
4237,21591,0
4238,21592,0
4239,21593,0
4240,21594,0
4241,21595,0
4242,21596,0
4243,21597,0
4244,21598,0
4245,21599,0
4246,21600,0
4247,21601,0
4248,21602,0
4249,21603,0
4250,21604,0
4251,21605,0
4252,21606,0
4253,21607,0
4254,21608,0
4255,21609,0
4256,21610,0
4257,21611,0
4258,21612,0
4259,21613,0
4260,21614,0
4261,21615,0
4262,21616,1
4263,21617,0
4264,21618,0
4265,21619,0
4266,21620,0
4267,21621,0
4268,21622,0
4269,21623,0
4270,21624,0
4271,21625,0
4272,21626,0
4273,21627,0
4274,21628,0
4275,21629,0
4276,21630,0
4277,21631,0
4278,21632,0
4279,21633,0
4280,21634,0
4281,21635,0
4282,21636,0
4283,21637,0
4284,21638,0
4285,21639,0
4286,21640,0
4287,21641,0
4288,21642,0
4289,21643,0
4290,21644,0
4291,21645,0
4292,21646,0
4293,21647,0
4294,21648,0
4295,21649,0
4296,21650,0
4297,21651,0
4298,21652,0
4299,21653,0
4300,21654,0
4301,21655,0
4302,21656,0
4303,21657,0
4304,21658,0
4305,21659,0
4306,21660,0
4307,21661,0
4308,21662,0
4309,21663,1
4310,21664,0
4311,21665,0
4312,21666,0
4313,21667,0
4314,21668,0
4315,21669,0
4316,21670,0
4317,21671,0
4318,21672,0
4319,21673,0
4320,21674,0
4321,21675,0
4322,21676,0
4323,21677,0
4324,21678,0
4325,21679,0
4326,21680,0
4327,21681,0
4328,21682,0
4329,21683,0
4330,21684,0
4331,21685,0
4332,21686,0
4333,21687,0
4334,21688,0
4335,21689,0
4336,21690,0
4337,21691,0
4338,21692,0
